date,symbol,model,decision,conviction,confidence,reasoning,metadata
2024-05-01,AMD,pead_yahoo,buy,0.102,0.4704,EPS surprise 2.04% after earnings on 2024-04-30; hold 5 trading days,"{""eps_estimate"":0.61,""reported_eps"":0.62,""surprise_pct"":2.0400}"
2025-05-07,AMD,pead_yahoo,buy,0.1415,0.4783,EPS surprise 2.83% after earnings on 2025-05-06; hold 5 trading days,"{""eps_estimate"":0.93,""reported_eps"":0.96,""surprise_pct"":2.8300}"
2025-11-05,AMD,pead_yahoo,buy,0.124,0.4748,EPS surprise 2.48% after earnings on 2025-11-04; hold 5 trading days,"{""eps_estimate"":1.17,""reported_eps"":1.2,""surprise_pct"":2.4800}"
2026-02-04,AMD,pead_yahoo,buy,0.799,0.6098,EPS surprise 15.98% after earnings on 2026-02-03; hold 5 trading days,"{""eps_estimate"":1.32,""reported_eps"":1.53,""surprise_pct"":15.9800}"
2026-05-06,AMD,pead_yahoo,buy,0.291,0.5082,EPS surprise 5.82% after earnings on 2026-05-05; hold 5 trading days,"{""eps_estimate"":1.29,""reported_eps"":1.37,""surprise_pct"":5.8200}"
2024-01-30,SOFI,pead_yahoo,buy,1.0,0.6809,EPS surprise 23.09% after earnings on 2024-01-29; hold 5 trading days,"{""eps_estimate"":0.04,""reported_eps"":0.04,""surprise_pct"":23.0900}"
2024-04-30,SOFI,pead_yahoo,buy,1.0,0.95,EPS surprise 638.00% after earnings on 2024-04-29; hold 5 trading days,"{""eps_estimate"":nan,""reported_eps"":0.03,""surprise_pct"":638.0000}"
2024-07-31,SOFI,pead_yahoo,buy,1.0,0.95,EPS surprise 60.00% after earnings on 2024-07-30; hold 5 trading days,"{""eps_estimate"":0.01,""reported_eps"":0.02,""surprise_pct"":60.0000}"
2024-10-30,SOFI,pead_yahoo,buy,0.758,0.6016,EPS surprise 15.16% after earnings on 2024-10-29; hold 5 trading days,"{""eps_estimate"":0.04,""reported_eps"":0.05,""surprise_pct"":15.1600}"
2025-01-28,SOFI,pead_yahoo,buy,1.0,0.8135,EPS surprise 36.35% after earnings on 2025-01-27; hold 5 trading days,"{""eps_estimate"":0.04,""reported_eps"":0.05,""surprise_pct"":36.3500}"
2025-04-30,SOFI,pead_yahoo,buy,1.0,0.95,EPS surprise 93.87% after earnings on 2025-04-29; hold 5 trading days,"{""eps_estimate"":0.03,""reported_eps"":0.06,""surprise_pct"":93.8700}"
2025-07-30,SOFI,pead_yahoo,buy,1.0,0.897,EPS surprise 44.70% after earnings on 2025-07-29; hold 5 trading days,"{""eps_estimate"":0.06,""reported_eps"":0.09,""surprise_pct"":44.7000}"
2025-10-29,SOFI,pead_yahoo,buy,1.0,0.6801,EPS surprise 23.01% after earnings on 2025-10-28; hold 5 trading days,"{""eps_estimate"":0.08,""reported_eps"":0.1,""surprise_pct"":23.0100}"
2026-02-02,SOFI,pead_yahoo,buy,0.433,0.5366,EPS surprise 8.66% after earnings on 2026-01-30; hold 5 trading days,"{""eps_estimate"":0.11,""reported_eps"":0.12,""surprise_pct"":8.6600}"
2026-04-29,SOFI,pead_yahoo,sell,-0.2085,0.4917,EPS surprise -4.17% after earnings on 2026-04-28; hold 5 trading days,"{""eps_estimate"":0.12,""reported_eps"":0.12,""surprise_pct"":-4.1700}"
2026-07-30,SOFI,pead_yahoo,buy,0.501,0.5502,EPS surprise 10.02% after earnings on 2026-07-29; hold 5 trading days,"{""eps_estimate"":0.11,""reported_eps"":0.12,""surprise_pct"":10.0200}"
2024-02-27,HIMS,pead_yahoo,sell,-0.8035,0.6107,EPS surprise -16.07% after earnings on 2024-02-26; hold 5 trading days,"{""eps_estimate"":0.06,""reported_eps"":0.05,""surprise_pct"":-16.0700}"
2024-05-07,HIMS,pead_yahoo,buy,1.0,0.6752,EPS surprise 22.52% after earnings on 2024-05-06; hold 5 trading days,"{""eps_estimate"":0.08,""reported_eps"":0.1,""surprise_pct"":22.5200}"
2024-08-06,HIMS,pead_yahoo,buy,1.0,0.7356,EPS surprise 28.56% after earnings on 2024-08-05; hold 5 trading days,"{""eps_estimate"":0.13,""reported_eps"":0.16,""surprise_pct"":28.5600}"
2024-11-05,HIMS,pead_yahoo,buy,1.0,0.95,EPS surprise 187.40% after earnings on 2024-11-04; hold 5 trading days,"{""eps_estimate"":0.15,""reported_eps"":0.43,""surprise_pct"":187.4000}"
2025-02-25,HIMS,pead_yahoo,buy,0.209,0.4918,EPS surprise 4.18% after earnings on 2025-02-24; hold 5 trading days,"{""eps_estimate"":0.22,""reported_eps"":0.23,""surprise_pct"":4.1800}"
2025-05-06,HIMS,pead_yahoo,buy,1.0,0.6918,EPS surprise 24.18% after earnings on 2025-05-05; hold 5 trading days,"{""eps_estimate"":0.23,""reported_eps"":0.28,""surprise_pct"":24.1800}"
2025-08-05,HIMS,pead_yahoo,buy,1.0,0.7125,EPS surprise 26.25% after earnings on 2025-08-04; hold 5 trading days,"{""eps_estimate"":0.23,""reported_eps"":0.29,""surprise_pct"":26.2500}"
2025-11-04,HIMS,pead_yahoo,buy,1.0,0.6542,EPS surprise 20.42% after earnings on 2025-11-03; hold 5 trading days,"{""eps_estimate"":0.23,""reported_eps"":0.28,""surprise_pct"":20.4200}"
2026-02-24,HIMS,pead_yahoo,buy,1.0,0.6582,EPS surprise 20.82% after earnings on 2026-02-23; hold 5 trading days,"{""eps_estimate"":0.19,""reported_eps"":0.22,""surprise_pct"":20.8200}"
2026-05-12,HIMS,pead_yahoo,sell,-1.0,0.95,EPS surprise -244.04% after earnings on 2026-05-11; hold 5 trading days,"{""eps_estimate"":0.13,""reported_eps"":-0.19,""surprise_pct"":-244.0400}"
2024-02-23,RLAY,pead_yahoo,buy,0.646,0.5792,EPS surprise 12.92% after earnings on 2024-02-22; hold 5 trading days,"{""eps_estimate"":-0.77,""reported_eps"":-0.67,""surprise_pct"":12.9200}"
2024-05-03,RLAY,pead_yahoo,buy,0.4945,0.5489,EPS surprise 9.89% after earnings on 2024-05-02; hold 5 trading days,"{""eps_estimate"":-0.69,""reported_eps"":-0.62,""surprise_pct"":9.8900}"
2024-08-07,RLAY,pead_yahoo,buy,0.267,0.5034,EPS surprise 5.34% after earnings on 2024-08-06; hold 5 trading days,"{""eps_estimate"":-0.73,""reported_eps"":-0.69,""surprise_pct"":5.3400}"
2024-11-07,RLAY,pead_yahoo,buy,0.981,0.6462,EPS surprise 19.62% after earnings on 2024-11-06; hold 5 trading days,"{""eps_estimate"":-0.78,""reported_eps"":-0.63,""surprise_pct"":19.6200}"
2025-02-27,RLAY,pead_yahoo,buy,0.895,0.629,EPS surprise 17.90% after earnings on 2025-02-26; hold 5 trading days,"{""eps_estimate"":-0.55,""reported_eps"":-0.45,""surprise_pct"":17.9000}"
2025-05-06,RLAY,pead_yahoo,buy,0.205,0.491,EPS surprise 4.10% after earnings on 2025-05-05; hold 5 trading days,"{""eps_estimate"":-0.48,""reported_eps"":-0.46,""surprise_pct"":4.1000}"
2025-08-08,RLAY,pead_yahoo,buy,0.6475,0.5795,EPS surprise 12.95% after earnings on 2025-08-07; hold 5 trading days,"{""eps_estimate"":-0.47,""reported_eps"":-0.41,""surprise_pct"":12.9500}"
2025-11-07,RLAY,pead_yahoo,sell,-0.1375,0.4775,EPS surprise -2.75% after earnings on 2025-11-06; hold 5 trading days,"{""eps_estimate"":-0.42,""reported_eps"":-0.43,""surprise_pct"":-2.7500}"
2026-02-27,RLAY,pead_yahoo,buy,1.0,0.6669,EPS surprise 21.69% after earnings on 2026-02-26; hold 5 trading days,"{""eps_estimate"":-0.4,""reported_eps"":-0.31,""surprise_pct"":21.6900}"
2026-05-06,RLAY,pead_yahoo,sell,-0.7505,0.6001,EPS surprise -15.01% after earnings on 2026-05-05; hold 5 trading days,"{""eps_estimate"":-0.36,""reported_eps"":-0.41,""surprise_pct"":-15.0100}"
2024-02-14,HOOD,pead_yahoo,buy,1.0,0.95,EPS surprise 72.19% after earnings on 2024-02-13; hold 5 trading days,"{""eps_estimate"":0.07,""reported_eps"":0.13,""surprise_pct"":72.1900}"
2024-05-09,HOOD,pead_yahoo,buy,1.0,0.95,EPS surprise 224.62% after earnings on 2024-05-08; hold 5 trading days,"{""eps_estimate"":0.06,""reported_eps"":0.18,""surprise_pct"":224.6200}"
2024-08-08,HOOD,pead_yahoo,buy,0.7995,0.6099,EPS surprise 15.99% after earnings on 2024-08-07; hold 5 trading days,"{""eps_estimate"":0.26,""reported_eps"":0.3,""surprise_pct"":15.9900}"
2025-02-13,HOOD,pead_yahoo,buy,1.0,0.95,EPS surprise 99.10% after earnings on 2025-02-12; hold 5 trading days,"{""eps_estimate"":0.52,""reported_eps"":1.04,""surprise_pct"":99.1000}"
2025-05-01,HOOD,pead_yahoo,buy,0.989,0.6478,EPS surprise 19.78% after earnings on 2025-04-30; hold 5 trading days,"{""eps_estimate"":0.37,""reported_eps"":0.44,""surprise_pct"":19.7800}"
2025-07-31,HOOD,pead_yahoo,buy,1.0,0.8099,EPS surprise 35.99% after earnings on 2025-07-30; hold 5 trading days,"{""eps_estimate"":0.31,""reported_eps"":0.42,""surprise_pct"":35.9900}"
2025-11-06,HOOD,pead_yahoo,buy,0.6035,0.5707,EPS surprise 12.07% after earnings on 2025-11-05; hold 5 trading days,"{""eps_estimate"":0.54,""reported_eps"":0.61,""surprise_pct"":12.0700}"
2026-02-11,HOOD,pead_yahoo,buy,0.313,0.5126,EPS surprise 6.26% after earnings on 2026-02-10; hold 5 trading days,"{""eps_estimate"":0.68,""reported_eps"":0.73,""surprise_pct"":6.2600}"
2026-04-29,HOOD,pead_yahoo,buy,0.4315,0.5363,EPS surprise 8.63% after earnings on 2026-04-28; hold 5 trading days,"{""eps_estimate"":0.43,""reported_eps"":0.47,""surprise_pct"":8.6300}"
2026-07-30,HOOD,pead_yahoo,buy,1.0,0.8871,EPS surprise 43.71% after earnings on 2026-07-29; hold 5 trading days,"{""eps_estimate"":0.43,""reported_eps"":0.62,""surprise_pct"":43.7100}"
2024-02-28,LMND,pead_yahoo,buy,1.0,0.6843,EPS surprise 23.43% after earnings on 2024-02-27; hold 5 trading days,"{""eps_estimate"":-0.8,""reported_eps"":-0.61,""surprise_pct"":23.4300}"
2024-05-02,LMND,pead_yahoo,buy,0.336,0.5172,EPS surprise 6.72% after earnings on 2024-05-01; hold 5 trading days,"{""eps_estimate"":-0.72,""reported_eps"":-0.67,""surprise_pct"":6.7200}"
2024-07-31,LMND,pead_yahoo,buy,0.36,0.522,EPS surprise 7.20% after earnings on 2024-07-30; hold 5 trading days,"{""eps_estimate"":-0.87,""reported_eps"":-0.81,""surprise_pct"":7.2000}"
2024-10-31,LMND,pead_yahoo,buy,0.343,0.5186,EPS surprise 6.86% after earnings on 2024-10-30; hold 5 trading days,"{""eps_estimate"":-1.02,""reported_eps"":-0.95,""surprise_pct"":6.8600}"
2025-02-26,LMND,pead_yahoo,buy,1.0,0.7033,EPS surprise 25.33% after earnings on 2025-02-25; hold 5 trading days,"{""eps_estimate"":-0.56,""reported_eps"":-0.42,""surprise_pct"":25.3300}"
2025-05-07,LMND,pead_yahoo,buy,0.4615,0.5423,EPS surprise 9.23% after earnings on 2025-05-06; hold 5 trading days,"{""eps_estimate"":-0.84,""reported_eps"":-0.76,""surprise_pct"":9.2300}"
2025-11-06,LMND,pead_yahoo,buy,1.0,0.7256,EPS surprise 27.56% after earnings on 2025-11-05; hold 5 trading days,"{""eps_estimate"":-0.7,""reported_eps"":-0.51,""surprise_pct"":27.5600}"
2026-02-20,LMND,pead_yahoo,buy,1.0,0.7756,EPS surprise 32.56% after earnings on 2026-02-19; hold 5 trading days,"{""eps_estimate"":-0.43,""reported_eps"":-0.29,""surprise_pct"":32.5600}"
2026-04-30,LMND,pead_yahoo,buy,0.6895,0.5879,EPS surprise 13.79% after earnings on 2026-04-29; hold 5 trading days,"{""eps_estimate"":-0.57,""reported_eps"":-0.49,""surprise_pct"":13.7900}"
2024-02-08,OSCR,pead_yahoo,buy,0.319,0.5138,EPS surprise 6.38% after earnings on 2024-02-07; hold 5 trading days,"{""eps_estimate"":-0.7,""reported_eps"":-0.66,""surprise_pct"":6.3800}"
2024-05-08,OSCR,pead_yahoo,buy,1.0,0.95,EPS surprise 129.63% after earnings on 2024-05-07; hold 5 trading days,"{""eps_estimate"":0.27,""reported_eps"":0.62,""surprise_pct"":129.6300}"
2024-08-08,OSCR,pead_yahoo,buy,1.0,0.7403,EPS surprise 29.03% after earnings on 2024-08-07; hold 5 trading days,"{""eps_estimate"":0.16,""reported_eps"":0.2,""surprise_pct"":29.0300}"
2024-11-08,OSCR,pead_yahoo,sell,-1.0,0.7004,EPS surprise -25.04% after earnings on 2024-11-07; hold 5 trading days,"{""eps_estimate"":-0.18,""reported_eps"":-0.22,""surprise_pct"":-25.0400}"
2025-02-05,OSCR,pead_yahoo,sell,-0.3245,0.5149,EPS surprise -6.49% after earnings on 2025-02-04; hold 5 trading days,"{""eps_estimate"":-0.58,""reported_eps"":-0.62,""surprise_pct"":-6.4900}"
2025-05-08,OSCR,pead_yahoo,buy,0.6965,0.5893,EPS surprise 13.93% after earnings on 2025-05-07; hold 5 trading days,"{""eps_estimate"":0.81,""reported_eps"":0.92,""surprise_pct"":13.9300}"
2025-08-07,OSCR,pead_yahoo,sell,-0.323,0.5146,EPS surprise -6.46% after earnings on 2025-08-06; hold 5 trading days,"{""eps_estimate"":-0.84,""reported_eps"":-0.89,""surprise_pct"":-6.4600}"
2025-11-07,OSCR,pead_yahoo,buy,0.4325,0.5365,EPS surprise 8.65% after earnings on 2025-11-06; hold 5 trading days,"{""eps_estimate"":-0.58,""reported_eps"":-0.53,""surprise_pct"":8.6500}"
2026-02-11,OSCR,pead_yahoo,sell,-1.0,0.7958,EPS surprise -34.58% after earnings on 2026-02-10; hold 5 trading days,"{""eps_estimate"":-0.92,""reported_eps"":-1.24,""surprise_pct"":-34.5800}"
2026-05-07,OSCR,pead_yahoo,buy,1.0,0.95,EPS surprise 88.18% after earnings on 2026-05-06; hold 5 trading days,"{""eps_estimate"":1.1,""reported_eps"":2.07,""surprise_pct"":88.1800}"
2024-02-14,WELL,pead_yahoo,buy,0.9665,0.6433,EPS surprise 19.33% after earnings on 2024-02-13; hold 5 trading days,"{""eps_estimate"":0.21,""reported_eps"":0.25,""surprise_pct"":19.3300}"
2024-04-30,WELL,pead_yahoo,buy,1.0,0.95,EPS surprise 60.19% after earnings on 2024-04-29; hold 5 trading days,"{""eps_estimate"":0.21,""reported_eps"":0.34,""surprise_pct"":60.1900}"
2024-07-30,WELL,pead_yahoo,buy,1.0,0.701,EPS surprise 25.10% after earnings on 2024-07-29; hold 5 trading days,"{""eps_estimate"":0.31,""reported_eps"":0.39,""surprise_pct"":25.1000}"
2024-10-29,WELL,pead_yahoo,buy,0.8515,0.6203,EPS surprise 17.03% after earnings on 2024-10-28; hold 5 trading days,"{""eps_estimate"":0.35,""reported_eps"":0.41,""surprise_pct"":17.0300}"
2025-02-12,WELL,pead_yahoo,sell,-0.8815,0.6263,EPS surprise -17.63% after earnings on 2025-02-11; hold 5 trading days,"{""eps_estimate"":0.41,""reported_eps"":0.34,""surprise_pct"":-17.6300}"
2025-04-29,WELL,pead_yahoo,buy,0.2635,0.5027,EPS surprise 5.27% after earnings on 2025-04-28; hold 5 trading days,"{""eps_estimate"":0.38,""reported_eps"":0.4,""surprise_pct"":5.2700}"
2025-07-29,WELL,pead_yahoo,buy,0.1695,0.4839,EPS surprise 3.39% after earnings on 2025-07-28; hold 5 trading days,"{""eps_estimate"":0.44,""reported_eps"":0.45,""surprise_pct"":3.3900}"
2025-10-28,WELL,pead_yahoo,buy,0.1545,0.4809,EPS surprise 3.09% after earnings on 2025-10-27; hold 5 trading days,"{""eps_estimate"":0.53,""reported_eps"":0.55,""surprise_pct"":3.0900}"
2026-02-11,WELL,pead_yahoo,sell,-0.3535,0.5207,EPS surprise -7.07% after earnings on 2026-02-10; hold 5 trading days,"{""eps_estimate"":0.59,""reported_eps"":0.55,""surprise_pct"":-7.0700}"
2026-04-29,WELL,pead_yahoo,buy,0.469,0.5438,EPS surprise 9.38% after earnings on 2026-04-28; hold 5 trading days,"{""eps_estimate"":0.5,""reported_eps"":0.55,""surprise_pct"":9.3800}"
2026-07-28,WELL,pead_yahoo,sell,-0.844,0.6188,EPS surprise -16.88% after earnings on 2026-07-27; hold 5 trading days,"{""eps_estimate"":0.65,""reported_eps"":0.54,""surprise_pct"":-16.8800}"
2024-02-28,ZETA,pead_yahoo,buy,1.0,0.7249,EPS surprise 27.49% after earnings on 2024-02-27; hold 5 trading days,"{""eps_estimate"":0.14,""reported_eps"":0.17,""surprise_pct"":27.4900}"
2024-08-01,ZETA,pead_yahoo,buy,1.0,0.788,EPS surprise 33.80% after earnings on 2024-07-31; hold 5 trading days,"{""eps_estimate"":0.1,""reported_eps"":0.14,""surprise_pct"":33.8000}"
2024-11-12,ZETA,pead_yahoo,sell,-0.225,0.495,EPS surprise -4.50% after earnings on 2024-11-11; hold 5 trading days,"{""eps_estimate"":0.17,""reported_eps"":0.16,""surprise_pct"":-4.5000}"
2025-02-26,ZETA,pead_yahoo,buy,0.572,0.5644,EPS surprise 11.44% after earnings on 2025-02-25; hold 5 trading days,"{""eps_estimate"":0.22,""reported_eps"":0.25,""surprise_pct"":11.4400}"
2025-08-06,ZETA,pead_yahoo,buy,0.6375,0.5775,EPS surprise 12.75% after earnings on 2025-08-05; hold 5 trading days,"{""eps_estimate"":0.12,""reported_eps"":0.14,""surprise_pct"":12.7500}"
2025-11-06,ZETA,pead_yahoo,buy,1.0,0.9222,EPS surprise 47.22% after earnings on 2025-11-05; hold 5 trading days,"{""eps_estimate"":0.18,""reported_eps"":0.27,""surprise_pct"":47.2200}"
2026-02-26,ZETA,pead_yahoo,buy,1.0,0.95,EPS surprise 58.13% after earnings on 2026-02-25; hold 5 trading days,"{""eps_estimate"":0.23,""reported_eps"":0.37,""surprise_pct"":58.1300}"
2026-05-04,ZETA,pead_yahoo,buy,1.0,0.8418,EPS surprise 39.18% after earnings on 2026-05-01; hold 5 trading days,"{""eps_estimate"":0.12,""reported_eps"":0.16,""surprise_pct"":39.1800}"
