Date,buy_hold,momentum_20_100,mean_reversion_5,tradingagents_proxy,ai_hedge_fund_proxy,daily_stock_analysis_proxy
2024-01-02,100000.0,100000.0,100000.0,100000.0,100000.0,100000.0
2024-01-03,95518.21886684894,100000.0,100000.0,100000.0,95518.21886684894,100000.0
2024-01-04,94780.80231916152,100000.0,100000.0,100000.0,94780.80231916152,100000.0
2024-01-05,94344.06559664861,100000.0,100000.0,100000.0,94344.06559664861,100000.0
2024-01-08,97994.45181933811,100000.0,100000.0,100000.0,97994.45181933811,100000.0
2024-01-09,97172.8066839579,100000.0,100000.0,100000.0,97172.8066839579,100000.0
2024-01-10,97437.06979561225,100000.0,101488.47055984751,100000.0,97437.06979561225,101488.47055984751
2024-01-11,96722.41220987674,100000.0,101204.79602422343,100000.0,96722.41220987674,101204.79602422343
2024-01-12,95142.43412511976,100000.0,97780.85173255415,100000.0,95142.43412511976,97780.85173255415
2024-01-16,95653.47632856795,100000.0,96105.20205177763,100000.0,95653.47632856795,96105.20205177763
2024-01-17,94486.05467127668,100000.0,92975.68214539402,100000.0,94486.05467127668,92975.68214539402
2024-01-18,94666.71410152601,100000.0,91654.85467145225,100000.0,94666.71410152601,91654.85467145225
2024-01-19,96111.81706580638,100000.0,91659.72403229881,100000.0,96111.81706580638,91659.72403229881
2024-01-22,97305.30694171335,100000.0,94470.8907175845,100000.0,97305.30694171335,94470.8907175845
2024-01-23,96857.80903858195,100000.0,92440.18695112955,100000.0,96857.80903858195,92440.18695112955
2024-01-24,97623.69541734773,100000.0,90613.74919536662,100000.0,97623.69541734773,90613.74919536662
2024-01-25,98384.92487897327,100000.0,91153.11766863843,100000.0,98384.92487897327,91153.11766863843
2024-01-26,97218.56544193096,100000.0,90493.69849795965,100000.0,97218.56544193096,90493.69849795965
2024-01-29,101574.62584492614,100000.0,91981.14807796232,100000.0,101574.62584492614,91981.14807796232
2024-01-30,98513.40238557817,100000.0,89824.28342592077,100000.0,98513.40238557817,89824.28342592077
2024-01-31,95374.77094370461,100000.0,87579.37416586626,100000.0,95374.77094370461,87579.37416586626
2024-02-01,96202.24833954817,100000.0,87645.17391194524,100000.0,96202.24833954817,87645.17391194524
2024-02-02,97362.85381583612,100000.0,88961.68413159582,100000.0,97362.85381583612,88961.68413159582
2024-02-05,95225.44903195272,100000.0,86570.79101294342,100000.0,95225.44903195272,86570.79101294342
2024-02-06,97519.96987156956,100000.0,90018.76526678483,100000.0,97519.96987156956,90018.76526678483
2024-02-07,97167.53086376355,100000.0,87288.26573937845,100000.0,97167.53086376355,87288.26573937845
2024-02-08,98923.30370820976,100000.0,90430.33062081395,100000.0,98923.30370820976,90430.33062081395
2024-02-09,99992.01464115415,100000.0,92283.22713455009,100000.0,99992.01464115415,92283.22713455009
2024-02-12,101106.15177098356,100000.0,94059.65652032138,100000.0,101106.15177098356,94059.65652032138
2024-02-13,98297.76180210513,100000.0,93224.9065235314,100000.0,98297.76180210513,93224.9065235314
2024-02-14,102647.57699779948,100000.0,98314.93702456789,100000.0,102647.57699779948,98314.93702456789
2024-02-15,104306.34329228796,100000.0,98800.48793426983,100000.0,104306.34329228796,98800.48793426983
2024-02-16,103673.81645044014,100000.0,98106.52954807435,100000.0,103673.81645044014,98106.52954807435
2024-02-20,102014.61213624485,100000.0,97466.211337706,100000.0,102014.61213624485,97466.211337706
2024-02-21,100300.15452977679,100000.0,96040.22195675239,100000.0,100300.15452977679,96040.22195675239
2024-02-22,103240.95690235462,100000.0,101379.86036860936,100000.0,103240.95690235462,101379.86036860936
2024-02-23,101917.55413048742,100000.0,101817.4662545279,100000.0,101917.55413048742,101817.4662545279
2024-02-26,104140.88296157109,100000.0,106535.71845269082,100000.0,104140.88296157109,106535.71845269082
2024-02-27,111257.81834704484,100000.0,107819.55346323093,100000.0,111257.81834704484,107819.55346323093
2024-02-28,109878.28320631188,100000.0,106648.10399628579,100000.0,109878.28320631188,106648.10399628579
2024-02-29,111500.36162161641,100000.0,106522.39877292114,100000.0,111500.36162161641,106522.39877292114
2024-03-01,113176.45408284018,100000.0,107341.35545451414,100000.0,113176.45408284018,107341.35545451414
2024-03-04,114884.42449600702,100000.0,107656.50965470652,100000.0,114884.42449600702,107656.50965470652
2024-03-05,110333.70972369434,100000.0,98112.15772666324,100000.0,110333.70972369434,98112.15772666324
2024-03-06,111834.52954571012,100000.0,101070.53230357177,100000.0,111834.52954571012,101070.53230357177
2024-03-07,112704.0776202487,100000.0,102050.201283486,100000.0,112704.0776202487,102050.201283486
2024-03-08,112765.92311111257,100000.0,104544.17169903159,100000.0,112765.92311111257,104544.17169903159
2024-03-11,110574.67428408492,100000.0,104146.70341528088,100000.0,110574.67428408492,104146.70341528088
2024-03-12,110863.17927098612,100000.0,101968.41908539325,100000.0,110863.17927098612,101968.41908539325
2024-03-13,109935.80343571022,100000.0,98819.25401139256,100000.0,109935.80343571022,98819.25401139256
2024-03-14,105489.94048493773,100000.0,91614.80263372531,100000.0,105489.94048493773,91614.80263372531
2024-03-15,105239.60305279048,100000.0,91360.83250194268,100000.0,105239.60305279048,91360.83250194268
2024-03-18,105840.87927846589,100000.0,89100.04400326141,100000.0,105840.87927846589,89100.04400326141
2024-03-19,105367.2796339376,100000.0,89815.86541846041,100000.0,105367.2796339376,89815.86541846041
2024-03-20,108084.99487366526,100000.0,90550.49193952324,100000.0,108084.99487366526,90550.49193952324
2024-03-21,108638.70400900328,100000.0,90399.32118375872,100000.0,108638.70400900328,90399.32118375872
2024-03-22,107452.45524181808,100000.0,89403.256531686,100000.0,107452.45524181808,89403.256531686
2024-03-25,106984.63226994952,100000.0,87657.49088633977,100000.0,106984.63226994952,87657.49088633977
2024-03-26,105778.78615304195,100000.0,87703.8363106198,100000.0,105778.78615304195,87703.8363106198
2024-03-27,107834.14646079946,100000.0,91545.66690343869,100000.0,107834.14646079946,91545.66690343869
2024-03-28,107741.19420655361,100000.0,90989.88166224964,100000.0,107741.19420655361,90989.88166224964
2024-04-01,107449.49427734154,100000.0,91050.06463483385,100000.0,107449.49427734154,91050.06463483385
2024-04-02,104974.21778631065,100000.0,88976.20596308127,100000.0,104974.21778631065,88976.20596308127
2024-04-03,105609.52760601902,100000.0,92620.3185210268,100000.0,105609.52760601902,92620.3185210268
2024-04-04,101748.24722091829,100000.0,88974.6013973986,100000.0,101748.24722091829,88974.6013973986
2024-04-05,102460.83384334366,100000.0,89822.45125325408,100000.0,102460.83384334366,89822.45125325408
2024-04-08,104407.25620402633,100000.0,92855.24463508684,100000.0,104407.25620402633,92855.24463508684
2024-04-09,104777.91534668126,100000.0,93870.58782231361,100000.0,104777.91534668126,93870.58782231361
2024-04-10,102368.57813629758,100000.0,90237.72573475259,100000.0,102368.57813629758,90237.72573475259
2024-04-11,103920.65330395002,100000.0,91299.79446862126,100000.0,103920.65330395002,91299.79446862126
2024-04-12,100967.09461865852,100000.0,88668.593014332,100000.0,100967.09461865852,88668.593014332
2024-04-15,98321.5045975722,100000.0,85514.78878787642,100000.0,98321.5045975722,85514.78878787642
2024-04-16,97925.31453377758,100000.0,84281.02938189995,100000.0,97925.31453377758,84281.02938189995
2024-04-17,94952.85889848522,100000.0,83117.10213351248,100000.0,94952.85889848522,83117.10213351248
2024-04-18,94528.49214046693,100000.0,82213.46829212717,100000.0,94528.49214046693,82213.46829212717
2024-04-19,92214.86787130786,100000.0,79738.58071690146,100000.0,92214.86787130786,79738.58071690146
2024-04-22,92971.5942343162,100000.0,79604.67885239396,100000.0,92971.5942343162,79604.67885239396
2024-04-23,94927.15334821651,100000.0,80777.87103363768,100000.0,94927.15334821651,80777.87103363768
2024-04-24,96179.45032589049,100000.0,83717.80191057862,100000.0,96179.45032589049,83717.80191057862
2024-04-25,95650.24536368586,100000.0,84037.5866322275,100000.0,95650.24536368586,84037.5866322275
2024-04-26,97868.45817967183,100000.0,85819.94494049413,100000.0,97868.45817967183,85819.94494049413
2024-04-29,97201.31169432797,100000.0,86146.13776545305,100000.0,97201.31169432797,86146.13776545305
2024-04-30,95647.88389024172,100000.0,83843.59976100376,100000.0,95647.88389024172,83843.59976100376
2024-05-01,94706.67657776136,100000.0,84573.11438069916,100000.0,94706.67657776136,84573.11438069916
2024-05-02,96076.9730098054,100000.0,85554.83887198994,100000.0,96076.9730098054,85554.83887198994
2024-05-03,95642.45829709584,100000.0,86670.72536601842,100000.0,95642.45829709584,86670.72536601842
2024-05-06,97585.407079739,100000.0,89416.94922248897,100000.0,97585.407079739,89416.94922248897
2024-05-07,97477.9003280164,100000.0,91715.84993739157,100000.0,97477.9003280164,91715.84993739157
2024-05-08,96544.15513131567,100000.0,90732.68021315268,100000.0,96544.15513131567,90732.68021315268
2024-05-09,97091.36012137886,100000.0,92214.00536790282,100000.0,97091.36012137886,92214.00536790282
2024-05-10,96318.44837068349,100000.0,92234.08574415938,100000.0,96318.44837068349,92234.08574415938
2024-05-13,97390.88146776603,100000.0,93363.75443898134,100000.0,97390.88146776603,93363.75443898134
2024-05-14,99590.59962966145,100000.0,93733.62047755,100000.0,99590.59962966145,93733.62047755
2024-05-15,101572.75720343686,100000.0,98931.1848589744,100000.0,101572.75720343686,98931.1848589744
2024-05-16,101001.6183904479,100000.0,98728.92874840133,100000.0,101001.6183904479,98728.92874840133
2024-05-17,102559.02097274277,100000.0,99909.2079081629,100000.0,102559.02097274277,99909.2079081629
2024-05-20,107768.1887255231,100000.0,100315.08040014845,100000.0,107768.1887255231,100315.08040014845
2024-05-21,108454.30906545848,100000.0,99670.73079003471,100000.0,108454.30906545848,99670.73079003471
2024-05-22,106837.36677152904,100000.0,99104.90441573867,100000.0,106837.36677152904,99104.90441573867
2024-05-23,103922.70741051757,100000.0,97401.79874906318,100000.0,103922.70741051757,97401.79874906318
2024-05-24,105821.3815361783,102746.75269828041,99843.68106727103,102746.75269828041,105821.3815361783,99843.68106727103
2024-05-28,108570.70112508451,107404.37160701293,99662.14289030815,107404.37160701293,108570.70112508451,99662.14289030815
2024-05-29,106433.67866861935,107801.05008425945,95103.71699069106,107801.05008425945,106433.67866861935,95103.71699069106
2024-05-30,107485.23103292682,108627.53413336854,96365.25519530974,108627.53413336854,107485.23103292682,96365.25519530974
2024-05-31,107082.57854932433,107201.27818676409,97136.80940666507,107201.27818676409,107082.57854932433,97136.80940666507
2024-06-03,108539.83787080916,109391.13266818938,100276.84063183342,109391.13266818938,108539.83787080916,100276.84063183342
2024-06-04,109048.42184745386,110136.73775621827,98815.17627485095,110136.73775621827,109048.42184745386,98815.17627485095
2024-06-05,112423.95777579873,112934.64999916234,102120.60252009785,112934.64999916234,112423.95777579873,102120.60252009785
2024-06-06,112613.13713334,112609.40639044643,103564.22943453262,112609.40639044643,112613.13713334,103564.22943453262
2024-06-07,113405.54686421798,111173.1947848892,103839.70388784172,111173.1947848892,113405.54686421798,103839.70388784172
2024-06-10,112669.97909349612,112916.83558020815,101671.20005983142,112916.83558020815,112669.97909349612,101671.20005983142
2024-06-11,112218.97512633678,113996.97944688454,101356.10427862762,113996.97944688454,112218.97512633678,101356.10427862762
2024-06-12,115924.89328667519,117634.27647905203,102180.39988580445,117634.27647905203,115924.89328667519,102180.39988580445
2024-06-13,115815.68326369686,119068.32748200349,102174.86210169236,119068.32748200349,115815.68326369686,102174.86210169236
2024-06-14,113168.2387594871,118288.3693635287,99534.22902635377,118288.3693635287,113168.2387594871,99534.22902635377
2024-06-17,113154.08755566987,119749.26398743699,98036.45134686727,119749.26398743699,113154.08755566987,98036.45134686727
2024-06-18,112982.39539631369,120920.85137695546,97318.1108331679,120920.85137695546,112982.39539631369,97318.1108331679
2024-06-20,111058.31767966026,116598.42255754,95314.28696695727,116598.42255754,111058.31767966026,95314.28696695727
2024-06-21,110906.32610023339,115900.75752823548,95940.4402874143,115900.75752823548,110906.32610023339,95940.4402874143
2024-06-24,111031.35484880052,115274.73336562987,95663.95513467526,115274.73336562987,111031.35484880052,95663.95513467526
2024-06-25,111474.27251940891,117614.22172523796,96735.85792694906,117614.22172523796,111474.27251940891,96735.85792694906
2024-06-26,108643.77978709665,115035.67041481468,89949.77958206597,115035.67041481468,108643.77978709665,89949.77958206597
2024-06-27,107987.45986051987,112456.15945295215,87024.66864644087,112456.15945295215,107987.45986051987,87024.66864644087
2024-06-28,109106.41553460372,112432.37433030122,88913.63100655962,112432.37433030122,109106.41553460372,88913.63100655962
2024-07-01,109021.72853021332,115012.48814499167,90803.7717955714,115012.48814499167,109021.72853021332,90803.7717955714
2024-07-02,110174.7123398935,115297.15976039303,90855.23412115703,115297.15976039303,110174.7123398935,90855.23412115703
2024-07-03,109372.25544872851,114484.44822986197,87908.88548799127,114484.44822986197,109372.25544872851,87908.88548799127
2024-07-05,110937.04848081198,115642.52049497554,89161.91156430362,115642.52049497554,110937.04848081198,89161.91156430362
2024-07-08,111498.37953235814,115277.81844503962,89176.21235812631,115277.81844503962,111498.37953235814,89176.21235812631
2024-07-09,112937.21558724788,115685.64251608824,92552.07162608391,115685.64251608824,112937.21558724788,92552.07162608391
2024-07-10,114308.31924799034,115574.66582846791,92856.60912253805,115574.66582846791,114308.31924799034,92856.60912253805
2024-07-11,116987.49624041993,115998.85721936508,96199.6774419299,115998.85721936508,116987.49624041993,96199.6774419299
2024-07-12,119592.32499028087,117700.61284513853,96785.64754806158,117700.61284513853,119592.32499028087,96785.64754806158
2024-07-15,121635.2200029182,119937.05614211326,97048.80471471504,119937.05614211326,121635.2200029182,97048.80471471504
2024-07-16,124647.86085798772,120662.05515303556,96452.16417216313,120662.05515303556,124647.86085798772,96452.16417216313
2024-07-17,120675.92539572813,116968.18986468516,90114.74056647651,116968.18986468516,120675.92539572813,90114.74056647651
2024-07-18,117167.72707353736,113611.69991667026,88867.13540876874,113611.69991667026,117167.72707353736,88867.13540876874
2024-07-19,115115.69007302346,111258.36944054255,85599.67325500114,111258.36944054255,115115.69007302346,85599.67325500114
2024-07-22,117677.20592510309,113950.13668294331,88838.58030816363,113950.13668294331,117677.20592510309,88838.58030816363
2024-07-23,120914.5542077425,118294.51741993496,93612.40557211213,118294.51741993496,120914.5542077425,93612.40557211213
2024-07-24,116214.46796965244,114510.03409547581,88685.64782894019,114510.03409547581,116214.46796965244,88685.64782894019
2024-07-25,116437.38677165743,115403.03722875976,87812.76474731548,115403.03722875976,116437.38677165743,87812.76474731548
2024-07-26,115969.41153559984,113803.39731415147,88793.1691737044,113803.39731415147,115969.41153559984,88793.1691737044
2024-07-29,114157.07215610961,111491.60195608443,88806.23536810954,111491.60195608443,114157.07215610961,88806.23536810954
2024-07-30,113535.11214263625,110499.48943059915,88687.2901860744,110499.48943059915,113535.11214263625,88687.2901860744
2024-07-31,115455.56876642391,111651.14517360787,90353.85685631337,111651.14517360787,115455.56876642391,90353.85685631337
2024-08-01,109145.28388193854,106173.71990765748,83283.14133734694,106173.71990765748,109145.28388193854,83283.14133734694
2024-08-02,105340.05134056119,101738.16878230298,79314.72437025186,101738.16878230298,105340.05134056119,79314.72437025186
2024-08-05,103362.38182997893,99089.8354184168,77146.53236087646,99089.8354184168,103362.38182997893,77146.53236087646
2024-08-06,102094.52287145266,98313.3563246949,75559.79651127999,98313.3563246949,102094.52287145266,75559.79651127999
2024-08-07,99112.3411704045,95095.34864190342,73033.44760308521,95095.34864190342,99112.3411704045,73033.44760308521
2024-08-08,102071.51530603085,97371.66721358131,73593.79525974678,97371.66721358131,102071.51530603085,73593.79525974678
2024-08-09,101847.43341728524,97408.00855684726,73308.03435110455,97408.00855684726,101847.43341728524,73308.03435110455
2024-08-12,101329.20412928512,96450.50847980744,72291.5610407931,96450.50847980744,101329.20412928512,72291.5610407931
2024-08-13,103121.62705653156,97882.91987307908,72591.80871429277,97882.91987307908,103121.62705653156,72591.80871429277
2024-08-14,102151.55932189402,96830.68703622675,70678.62831500512,96830.68703622675,102151.55932189402,70678.62831500512
2024-08-15,105362.73680140318,99161.01674803914,72582.02987762605,99161.01674803914,105362.73680140318,72582.02987762605
2024-08-16,105071.88559442866,98225.66120853406,71084.71561320664,98225.66120853406,105071.88559442866,71084.71561320664
2024-08-19,110631.54290335358,103297.26823286782,77618.51682741592,103297.26823286782,110631.54290335358,77618.51682741592
2024-08-20,110491.01235551311,103225.73675942357,77485.10592333096,103225.73675942357,110491.01235551311,77485.10592333096
2024-08-21,111107.66551049324,104102.34796863074,77711.99397795298,104102.34796863074,111107.66551049324,77711.99397795298
2024-08-22,108351.86326016097,101629.08501331772,76790.97447685568,101629.08501331772,108351.86326016097,76790.97447685568
2024-08-23,110931.66560241452,103625.5820278653,77615.3590431826,103625.5820278653,110931.66560241452,77615.3590431826
2024-08-26,109884.1901524392,103495.74652724352,77146.0896380464,103495.74652724352,109884.1901524392,77146.0896380464
2024-08-27,108581.69839597303,103075.95006497763,74369.24836130322,103075.95006497763,108581.69839597303,74369.24836130322
2024-08-28,106091.71174598657,102191.93411884498,72845.22250021149,102191.93411884498,106091.71174598657,72845.22250021149
2024-08-29,107164.5852332935,102121.71038768125,72695.83985082744,102121.71038768125,107164.5852332935,72695.83985082744
2024-08-30,107915.14780199986,103217.75287540803,73462.81917279286,103217.75287540803,107915.14780199986,73462.81917279286
2024-09-03,103428.18211573693,99484.3036849645,71158.19808409686,99484.3036849645,103428.18211573693,71158.19808409686
2024-09-04,103539.40642397465,99110.06221675785,70768.21770202,99110.06221675785,103539.40642397465,70768.21770202
2024-09-05,102998.67937173128,98088.88655141875,71189.1496016173,98088.88655141875,102998.67937173128,71189.1496016173
2024-09-06,99442.98153711014,95536.85393350628,68518.7046718024,95536.85393350628,99442.98153711014,68518.7046718024
2024-09-09,109549.82930732271,96620.92786337326,86814.029434568,96620.92786337326,109549.82930732271,86814.029434568
2024-09-10,110093.32296968393,96922.39246150914,88103.7115392135,96922.39246150914,110093.32296968393,88103.7115392135
2024-09-11,110654.71677291494,99146.88259127327,90684.92163889357,99146.88259127327,110654.71677291494,90684.92163889357
2024-09-12,111824.73743211372,100427.83435130282,91997.27508547653,100427.83435130282,111824.73743211372,91997.27508547653
2024-09-13,113730.11946242777,101547.89303513967,92443.58502982232,101547.89303513967,113730.11946242777,92443.58502982232
2024-09-16,115369.66149895589,104226.42066320493,92307.64531465086,104226.42066320493,115369.66149895589,92307.64531465086
2024-09-17,113949.7316497767,102806.22321093398,89424.10716671047,102806.22321093398,113949.7316497767,89424.10716671047
2024-09-18,113666.94361200507,102519.43209099994,89173.83459713217,102519.43209099994,113666.94361200507,89173.83459713217
2024-09-19,117143.93452536837,104804.39287758713,93361.54335219579,104804.39287758713,117143.93452536837,93361.54335219579
2024-09-20,114971.63034189834,102981.32010772478,93049.50446393025,102981.32010772478,114971.63034189834,93049.50446393025
2024-09-23,114817.93297639464,102421.61978145696,93014.87519785207,102421.61978145696,114817.93297639464,93014.87519785207
2024-09-24,115544.75618604544,101844.95367802819,91610.06371199508,101844.95367802819,115544.75618604544,91610.06371199508
2024-09-25,115105.52251733896,100683.9259965032,89579.91821894211,100683.9259965032,115105.52251733896,89579.91821894211
2024-09-26,117471.90843521358,102282.72084112982,91910.77302429773,102282.72084112982,117471.90843521358,91910.77302429773
2024-09-27,117672.11659787063,102936.95257044351,93408.57770718326,102936.95257044351,117672.11659787063,93408.57770718326
2024-09-30,117268.024856993,101507.67531055516,90500.81225432515,101507.67531055516,117268.024856993,90500.81225432515
2024-10-01,115214.18656954895,98284.50847787123,85789.30337904615,98284.50847787123,115214.18656954895,85789.30337904615
2024-10-02,115121.80711664693,98619.76922732178,86295.86632600924,98619.76922732178,115121.80711664693,86295.86632600924
2024-10-03,113696.81545424263,98682.87615810591,87124.90920901926,98682.87615810591,113696.81545424263,87124.90920901926
2024-10-04,117089.5383733711,101117.10383210433,88741.22043084653,101117.10383210433,117089.5383733711,88741.22043084653
2024-10-07,117832.103163712,99848.2527201789,91922.42928320689,99848.2527201789,117832.103163712,91922.42928320689
2024-10-08,117877.95820810256,100603.68040416428,91956.39532710418,100603.68040416428,117877.95820810256,91956.39532710418
2024-10-09,118868.72907815533,101255.01511575734,93084.39153142081,101255.01511575734,118868.72907815533,93084.39153142081
2024-10-10,117706.0596595777,100287.41222179047,92132.0296706982,100287.41222179047,117706.0596595777,92132.0296706982
2024-10-11,120740.41532018287,102147.26850154072,94713.19521487683,102147.26850154072,120740.41532018287,94713.19521487683
2024-10-14,124861.12438819779,105091.19754074994,94361.47265084174,105091.19754074994,124861.12438819779,94361.47265084174
2024-10-15,125928.76432679538,103530.33437527763,91531.22818252513,103530.33437527763,125928.76432679538,91531.22818252513
2024-10-16,125447.3861505214,103205.77477504543,91387.81676480819,103205.77477504543,125447.3861505214,91387.81676480819
2024-10-17,123885.71307864113,102808.81207300867,91454.58209115485,102808.81207300867,123885.71307864113,91454.58209115485
2024-10-18,125556.87725872526,103837.35360199853,91672.3682685173,103837.35360199853,125556.87725872526,91672.3682685173
2024-10-21,126191.34979528493,105392.75738283769,90196.33204251667,105392.75738283769,126191.34979528493,90196.33204251667
2024-10-22,127304.66313539732,105754.56437695678,90721.3040847451,105754.56437695678,127304.66313539732,90721.3040847451
2024-10-23,123167.69243850201,102773.85739396412,87922.0157506673,102773.85739396412,123167.69243850201,87922.0157506673
2024-10-24,124230.42076968416,104196.8675937659,87442.30877780696,104196.8675937659,124230.42076968416,87442.30877780696
2024-10-25,124472.98777791593,105013.33354633038,87036.54568371222,105013.33354633038,124472.98777791593,87036.54568371222
2024-10-28,126731.29164979162,107264.74322594384,89812.4579131939,107264.74322594384,126731.29164979162,89812.4579131939
2024-10-29,125221.32947270914,106193.6155068811,88917.00468566314,106193.6155068811,125221.32947270914,88917.00468566314
2024-10-30,120604.76908550701,102179.50046773396,81088.3852053635,102179.50046773396,120604.76908550701,81088.3852053635
2024-10-31,118515.27146096337,100323.5901406254,80108.66394349841,100323.5901406254,118515.27146096337,80108.66394349841
2024-11-01,120535.45242640782,101645.74889850226,84820.3795922538,101645.74889850226,120535.45242640782,84820.3795922538
2024-11-04,120463.323697422,101537.94947719424,85309.78492103828,101537.94947719424,120463.323697422,85309.78492103828
2024-11-05,122263.44467845744,103011.58737433418,85351.20561428455,103011.58737433418,122263.44467845744,85351.20561428455
2024-11-06,128286.40818638734,108062.30448745027,92135.49436358192,108062.30448745027,128286.40818638734,92135.49436358192
2024-11-07,129453.08825973739,109621.99052517723,94359.34918408102,109621.99052517723,129453.08825973739,94359.34918408102
2024-11-08,131333.97630326427,112085.38047477801,93974.83526412652,112085.38047477801,131333.97630326427,93974.83526412652
2024-11-11,137142.36928524112,119815.45312394186,93829.05794799268,119815.45312394186,137142.36928524112,93829.05794799268
2024-11-12,134191.2403427005,117774.03510156952,92498.91772707902,117774.03510156952,134191.2403427005,92498.91772707902
2024-11-13,133254.2938310726,118072.57512623668,90092.44470553908,118072.57512623668,133254.2938310726,90092.44470553908
2024-11-14,126484.98915046047,110239.86082174309,88315.51273415097,110239.86082174309,126484.98915046047,88315.51273415097
2024-11-15,122065.97381006736,107680.87411220206,81171.92857990964,107680.87411220206,122065.97381006736,81171.92857990964
2024-11-18,124247.95519588247,110897.68384072288,82970.833506546,110897.68384072288,124247.95519588247,82970.833506546
2024-11-19,127387.85293017248,115519.93006002628,87227.45330205394,115519.93006002628,127387.85293017248,87227.45330205394
2024-11-20,125288.99786961549,113878.15369533453,82730.22926715745,113878.15369533453,125288.99786961549,82730.22926715745
2024-11-21,128115.46100823121,117876.6591276704,87032.80747874103,117876.6591276704,128115.46100823121,87032.80747874103
2024-11-22,130738.27905613183,120613.5154075369,88336.64294586789,120613.5154075369,130738.27905613183,88336.64294586789
2024-11-25,137107.38410100932,128123.11888248326,89509.31215032846,128123.11888248326,137107.38410100932,89509.31215032846
2024-11-26,135533.0498026594,127349.36129478403,88828.73366519333,127349.36129478403,135533.0498026594,88828.73366519333
2024-11-27,135902.21449740563,127944.26899658648,88724.66822714322,127944.26899658648,135902.21449740563,88724.66822714322
2024-11-29,137737.335209611,130981.45416776853,89420.5517233945,130981.45416776853,137737.335209611,89420.5517233945
2024-12-02,137022.9761349437,129006.60965219453,91497.8633998548,129006.60965219453,137022.9761349437,91497.8633998548
2024-12-03,136685.1768027143,130481.43649887345,88776.10346445559,130481.43649887345,136685.1768027143,88776.10346445559
2024-12-04,139271.40364671644,133722.8986725881,89404.50478959763,133722.8986725881,139271.40364671644,89404.50478959763
2024-12-05,135622.7500131883,129916.24698384921,88210.84167249767,129916.24698384921,135622.7500131883,88210.84167249767
2024-12-06,139583.44720294361,133739.5294090722,92654.2426853482,133739.5294090722,139583.44720294361,92654.2426853482
2024-12-09,136699.86578996683,130804.96042515195,92257.34763758673,130804.96042515195,136699.86578996683,92257.34763758673
2024-12-10,133059.05483187723,128239.94018586031,90324.55028205522,128239.94018586031,133059.05483187723,90324.55028205522
2024-12-11,137253.44433899838,129718.43881835259,90181.77194769168,129718.43881835259,137253.44433899838,90181.77194769168
2024-12-12,136015.1639037936,129153.25044288034,90188.32253853398,129153.25044288034,136015.1639037936,90188.32253853398
2024-12-13,135657.97587124773,130029.62230121474,88809.31725598036,130029.62230121474,135657.97587124773,88809.31725598036
2024-12-16,138467.89956816958,133228.75472641803,90551.71820544357,133228.75472641803,138467.89956816958,90551.71820544357
2024-12-17,135949.01281054816,132372.1952826429,89766.553268514,132372.1952826429,135949.01281054816,89766.553268514
2024-12-18,128489.03405395048,124638.4123102599,87132.85591940157,124638.4123102599,128489.03405395048,87132.85591940157
2024-12-19,126309.00065583494,121670.54076907501,86847.37738122584,121670.54076907501,126309.00065583494,86847.37738122584
2024-12-20,126558.91392323341,122661.23891855114,85564.46516550808,122661.23891855114,126558.91392323341,85564.46516550808
2024-12-23,130234.71539448945,125291.75601311287,89701.69547365286,125291.75601311287,130234.71539448945,89701.69547365286
2024-12-24,131488.7053891966,127470.40370418387,89458.68713650487,127470.40370418387,131488.7053891966,89458.68713650487
2024-12-26,133459.72089668413,128989.53542894694,92325.28183944254,128989.53542894694,133459.72089668413,92325.28183944254
2024-12-27,130165.55323328752,124832.45888957304,88584.44193914023,124832.45888957304,130165.55323328752,88584.44193914023
2024-12-30,126646.7593941301,121744.47123363243,85760.9920675494,121744.47123363243,126646.7593941301,85760.9920675494
2024-12-31,124662.40170339298,119730.19035259607,83710.13489350284,119730.19035259607,124662.40170339298,83710.13489350284
2025-01-02,124613.94580330682,118392.29723870661,87304.35664487594,118392.29723870661,124613.94580330682,87304.35664487594
2025-01-03,128831.35876616722,122413.55866443047,91974.86334910564,122413.55866443047,128831.35876616722,91974.86334910564
2025-01-06,131515.21234558406,124179.85836282939,93835.62499862949,124179.85836282939,131515.21234558406,93835.62499862949
2025-01-07,130823.18093768308,123392.04484490433,92139.22211213746,123392.04484490433,130823.18093768308,92139.22211213746
2025-01-08,128854.66367314015,120534.86635146089,91034.92901649803,120534.86635146089,128854.66367314015,91034.92901649803
2025-01-10,124620.60254336627,118399.08353043614,89088.65309005542,118399.08353043614,124620.60254336627,89088.65309005542
2025-01-13,126638.51663825953,118753.29492138511,89649.07082405154,118753.29492138511,126638.51663825953,89649.07082405154
2025-01-14,125403.12999378944,120028.61980322776,90549.02763920053,120028.61980322776,125403.12999378944,90549.02763920053
2025-01-15,127159.00028833575,125244.00172088323,95211.91399764585,125244.00172088323,127159.00028833575,95211.91399764585
2025-01-16,130678.43556187935,126649.15040804623,100981.15935906584,126649.15040804623,130678.43556187935,100981.15935906584
2025-01-17,132722.9558960546,127787.95081807459,103904.84105845934,127787.95081807459,132722.9558960546,103904.84105845934
2025-01-21,137630.12545320817,133226.7328388673,106539.24397439032,133226.7328388673,137630.12545320817,106539.24397439032
2025-01-22,139141.42864516488,133162.44366630138,109810.82397422481,133162.44366630138,139141.42864516488,109810.82397422481
2025-01-23,140535.87650192744,135558.22852240244,110227.23247521458,135558.22852240244,140535.87650192744,110227.23247521458
2025-01-24,139947.3999336309,135039.08184745358,109976.75199759495,135039.08184745358,139947.3999336309,109976.75199759495
2025-01-27,134159.50227006554,129718.52736104488,107597.95332588053,129718.52736104488,134159.50227006554,107597.95332588053
2025-01-28,134925.0745940676,131752.79832813377,107506.13339446147,131752.79832813377,134925.0745940676,107506.13339446147
2025-01-29,134704.77167884944,131510.8053220089,108404.96316245849,131510.8053220089,134704.77167884944,108404.96316245849
2025-01-30,137622.1580768769,134919.74425023058,110656.2893360306,134919.74425023058,137622.1580768769,110656.2893360306
2025-01-31,137873.08753596907,136634.61080426894,107582.00460442608,136634.61080426894,137873.08753596907,107582.00460442608
2025-02-03,137665.28521086185,136820.63221939054,106286.65686192749,136820.63221939054,137665.28521086185,106286.65686192749
2025-02-04,141529.32629416315,139791.2536894287,107809.28882520083,139791.2536894287,141529.32629416315,107809.28882520083
2025-02-05,141574.51068250719,140840.95158042538,108732.9434321656,140840.95158042538,141574.51068250719,108732.9434321656
2025-02-06,137992.293309029,138135.2288767107,105413.26089915857,138135.2288767107,137992.293309029,105413.26089915857
2025-02-07,136822.98981815498,139415.10746219315,104561.0116095157,139415.10746219315,136822.98981815498,104561.0116095157
2025-02-10,138264.42608818566,142406.45046029106,103378.67549436756,142406.45046029106,138264.42608818566,103378.67549436756
2025-02-11,135735.37345037915,140696.55388026335,100188.41522375494,140696.55388026335,135735.37345037915,100188.41522375494
2025-02-12,137264.20019908072,142689.22380594962,100735.85330685505,142689.22380594962,137264.20019908072,100735.85330685505
2025-02-13,146059.6056490031,154477.55706834633,104847.25926793505,154477.55706834633,146059.6056490031,104847.25926793505
2025-02-14,148852.634409478,158072.89568980495,105374.21374604851,158072.89568980495,148852.634409478,105374.21374604851
2025-02-18,148885.0337671475,158502.5653617565,104475.15321338172,158502.5653617565,148885.0337671475,104475.15321338172
2025-02-19,153943.80995555842,164012.67986999964,107796.3837445265,164012.67986999964,153943.80995555842,107796.3837445265
2025-02-20,151327.2675629617,160707.02189197348,107343.37426040923,160707.02189197348,151327.2675629617,107343.37426040923
2025-02-21,140640.243142459,146524.63720257065,105311.436795096,146524.63720257065,140640.243142459,105311.436795096
2025-02-24,139910.61943147998,146660.4250197825,106367.79717608089,146660.4250197825,139910.61943147998,106367.79717608089
2025-02-25,131485.6745172923,136710.74387973166,92870.04120429404,136710.74387973166,131485.6745172923,92870.04120429404
2025-02-26,134112.8629127534,139901.57876989033,97069.61170744,139901.57876989033,134112.8629127534,97069.61170744
2025-02-27,128127.56837327497,136945.93872222104,95090.69981831477,136945.93872222104,128127.56837327497,95090.69981831477
2025-02-28,132468.64885726507,142099.81466310812,101744.28979278922,142099.81466310812,132468.64885726507,101744.28979278922
2025-03-03,126346.14932124004,135015.9802668109,97781.02352649419,135015.9802668109,126346.14932124004,97781.02352649419
2025-03-04,125664.54660769783,133162.97388903997,97399.89446276665,133162.97388903997,125664.54660769783,97399.89446276665
2025-03-05,128417.94741459197,135148.33033871642,101718.11761089548,135148.33033871642,128417.94741459197,101718.11761089548
2025-03-06,122459.7237229905,125782.73317095288,99357.12061401729,125782.73317095288,122459.7237229905,99357.12061401729
2025-03-07,124063.70514528458,127970.26693118607,102169.2784666001,127970.26693118607,124063.70514528458,102169.2784666001
2025-03-10,117650.57402221042,120978.16774506174,94345.0576543254,120978.16774506174,117650.57402221042,94345.0576543254
2025-03-11,118943.20802035998,120827.31818245907,95011.04611368076,120827.31818245907,118943.20802035998,95011.04611368076
2025-03-12,121899.62996979046,118112.1017268587,96728.02277294775,118112.1017268587,121899.62996979046,96728.02277294775
2025-03-13,117000.90839163613,109792.38912743896,91170.89217261336,109792.38912743896,117000.90839163613,91170.89217261336
2025-03-14,122060.7609194589,115362.06731307051,96284.96760624554,115362.06731307051,122060.7609194589,96284.96760624554
2025-03-17,123583.64864720604,120757.69554524361,99452.51195118407,120757.69554524361,123583.64864720604,99452.51195118407
2025-03-18,118987.61526726902,109618.33253440038,94328.02182923231,109618.33253440038,118987.61526726902,94328.02182923231
2025-03-19,123091.03327559479,117938.05177340025,98624.41353750118,117938.05177340025,123091.03327559479,98624.41353750118
2025-03-20,121828.48545637273,114422.1816294026,95825.58864073188,114422.1816294026,121828.48545637273,95825.58864073188
2025-03-21,122052.29715214222,120966.56345688988,93182.48724777003,120966.56345688988,122052.29715214222,93182.48724777003
2025-03-24,127414.69524837479,130226.16173997747,94625.90192338862,130226.16173997747,127414.69524837479,94625.90192338862
2025-03-25,126318.321298476,128938.17614939273,92602.92343521446,128938.17614939273,126318.321298476,92602.92343521446
2025-03-26,121298.70174796453,116127.90304327992,90485.92345565787,116127.90304327992,121298.70174796453,90485.92345565787
2025-03-27,119180.91516093932,111115.18603663139,90589.48931348877,111115.18603663139,119180.91516093932,90589.48931348877
2025-03-28,113525.58945318212,101437.85856983137,85199.89143494697,101437.85856983137,113525.58945318212,85199.89143494697
2025-03-31,112783.12668829643,102865.08943484697,84233.09605419434,102865.08943484697,112783.12668829643,84233.09605419434
2025-04-01,113325.61448713263,108086.66771356163,83959.74139291479,108086.66771356163,113325.61448713263,83959.74139291479
2025-04-02,114506.76315234388,108678.4468507325,84529.50063702586,108678.4468507325,114506.76315234388,84529.50063702586
2025-04-03,104750.33700730138,108678.4468507325,77374.59170468598,108678.4468507325,104750.33700730138,77374.59170468598
2025-04-04,95933.4706306792,108678.4468507325,68584.77976534501,108678.4468507325,95933.4706306792,68584.77976534501
2025-04-07,97527.60918876684,108678.4468507325,70481.25192104028,108678.4468507325,97527.60918876684,70481.25192104028
2025-04-08,93957.60258421337,108678.4468507325,67333.86524973717,108678.4468507325,93957.60258421337,67333.86524973717
2025-04-09,108710.31306827263,108678.4468507325,82051.43909481638,108678.4468507325,108710.31306827263,82051.43909481638
2025-04-10,101962.10218546796,108678.4468507325,77490.80038362414,108678.4468507325,101962.10218546796,77490.80038362414
2025-04-11,105582.95038166016,108678.4468507325,80150.80583966775,108678.4468507325,105582.95038166016,80150.80583966775
2025-04-14,108049.60093128943,108678.4468507325,82129.07143962066,108678.4468507325,108049.60093128943,82129.07143962066
2025-04-15,110432.38097147657,108678.4468507325,83682.16490650238,108678.4468507325,110432.38097147657,83682.16490650238
2025-04-16,105076.71063616342,108678.4468507325,81490.46521765421,108678.4468507325,105076.71063616342,81490.46521765421
2025-04-17,106186.29631553184,108678.4468507325,81549.21042348824,108678.4468507325,106186.29631553184,81549.21042348824
2025-04-21,103958.60826811925,108678.4468507325,79636.14009405643,108678.4468507325,103958.60826811925,79636.14009405643
2025-04-22,106751.61853958275,108678.4468507325,79206.8458555647,108678.4468507325,106751.61853958275,79206.8458555647
2025-04-23,111072.17532987372,108678.4468507325,83227.67592268767,108678.4468507325,111072.17532987372,83227.67592268767
2025-04-24,115184.38870195147,108678.4468507325,87333.95346973746,108678.4468507325,115184.38870195147,87333.95346973746
2025-04-25,116895.09113029209,108678.4468507325,87571.87389177705,108678.4468507325,116895.09113029209,87571.87389177705
2025-04-28,117963.75299678039,108678.4468507325,88196.49018278118,108678.4468507325,117963.75299678039,88196.49018278118
2025-04-29,121818.03487720096,108678.4468507325,88765.52668948495,108678.4468507325,121818.03487720096,88765.52668948495
2025-04-30,121315.65549311665,108678.4468507325,92076.0541671744,108678.4468507325,121315.65549311665,92076.0541671744
2025-05-01,123203.98101336547,108678.4468507325,93003.61383271015,108678.4468507325,123203.98101336547,93003.61383271015
2025-05-02,126978.84311112895,108678.4468507325,94400.15676440143,108678.4468507325,126978.84311112895,94400.15676440143
2025-05-05,128387.35638360486,108678.4468507325,96011.41896634232,108678.4468507325,128387.35638360486,96011.41896634232
2025-05-06,130156.40498576192,108678.4468507325,93068.01392081601,108678.4468507325,130156.40498576192,93068.01392081601
2025-05-07,131078.24222029172,108678.4468507325,94287.24433193365,108678.4468507325,131078.24222029172,94287.24433193365
2025-05-08,132141.34508860693,108678.4468507325,95414.77465927992,108678.4468507325,132141.34508860693,95414.77465927992
2025-05-09,132452.79428092748,108678.4468507325,95353.98833331741,108678.4468507325,132452.79428092748,95353.98833331741
2025-05-12,138845.7312584056,108678.4468507325,98677.74320559241,108678.4468507325,138845.7312584056,98677.74320559241
2025-05-13,142293.03212875105,125981.17576138546,94561.49003704892,125981.17576138546,142293.03212875105,94561.49003704892
2025-05-14,141573.20335784156,120312.0207495854,93619.49862197673,120312.0207495854,141573.20335784156,93619.49862197673
2025-05-15,139583.3550196987,115312.14854344347,94186.11001199148,115312.14854344347,139583.3550196987,94186.11001199148
2025-05-16,143450.3791470835,127260.67508133732,95738.32862840823,127260.67508133732,143450.3791470835,95738.32862840823
2025-05-19,142844.01031568545,122713.53931543705,97834.92705675183,122713.53931543705,142844.01031568545,97834.92705675183
2025-05-20,142175.27809147915,120489.18207836238,98199.47855802246,120489.18207836238,142175.27809147915,98199.47855802246
2025-05-21,137585.9193797633,114170.44053375558,93885.54341644718,114170.44053375558,137585.9193797633,93885.54341644718
2025-05-22,136168.81735258995,105351.75913154619,91689.90466731435,105351.75913154619,136168.81735258995,91689.90466731435
2025-05-23,136623.68853837045,106153.282539666,92646.4045674532,106153.282539666,136623.68853837045,92646.4045674532
2025-05-27,137951.9687518064,105978.92861874198,92466.11979279663,105978.92861874198,137951.9687518064,92466.11979279663
2025-05-28,138053.78758295724,105305.12801262861,94071.00566609758,105305.12801262861,138053.78758295724,94071.00566609758
2025-05-29,138573.86207004022,105036.51051426705,95314.85871622307,105036.51051426705,138573.86207004022,95314.85871622307
2025-05-30,139503.27789306972,106516.08407327035,98128.58994690153,106516.08407327035,139503.27789306972,98128.58994690153
2025-06-02,142764.96514101955,107913.16940647687,101221.61738216378,107913.16940647687,142764.96514101955,101221.61738216378
2025-06-03,143593.58230310143,107939.19739976492,101905.85989805276,107939.19739976492,143593.58230310143,101905.85989805276
2025-06-04,142636.36380145638,107747.10205724214,102034.22938103466,107747.10205724214,142636.36380145638,102034.22938103466
2025-06-05,141835.16439591668,106335.60912849655,102030.81453313083,106335.60912849655,141835.16439591668,102030.81453313083
2025-06-06,145867.13535878775,109175.32199838731,105996.32340857714,109175.32199838731,145867.13535878775,105996.32340857714
2025-06-09,147073.72792362786,110259.02161143528,106542.73837439841,110259.02161143528,147073.72792362786,106542.73837439841
2025-06-10,148437.36674175996,110632.58610409699,105336.38482290764,110632.58610409699,148437.36674175996,105336.38482290764
2025-06-11,148984.8181869347,112073.21163314751,107388.22703796416,112073.21163314751,148984.8181869347,107388.22703796416
2025-06-12,148977.77002842282,111328.64159733984,107727.69003439753,111328.64159733984,148977.77002842282,107727.69003439753
2025-06-13,144167.47442855817,108499.43767735039,106449.24010058785,108499.43767735039,144167.47442855817,106449.24010058785
2025-06-16,150463.102940824,113848.13865819092,111400.9037208739,113848.13865819092,150463.102940824,111400.9037208739
2025-06-17,147517.14542473474,112635.53265113247,107347.84364244044,112635.53265113247,147517.14542473474,107347.84364244044
2025-06-18,152203.7564765323,114721.10221854612,112600.85909011662,114721.10221854612,152203.7564765323,112600.85909011662
2025-06-20,152016.85555384986,115712.92121267614,112073.1894288649,115712.92121267614,152016.85555384986,112073.1894288649
2025-06-23,144573.8972829651,108624.17222361616,113329.34288200183,108624.17222361616,144573.8972829651,113329.34288200183
2025-06-24,148776.4656156011,111875.16628026441,116042.11011013921,111875.16628026441,148776.4656156011,116042.11011013921
2025-06-25,148840.1673200888,112270.63938750802,113994.23444509314,112270.63938750802,148840.1673200888,113994.23444509314
2025-06-26,153753.04550892804,115976.43994810362,121143.28265906709,115976.43994810362,153753.04550892804,121143.28265906709
2025-06-27,156196.51311677732,117819.55579240352,124874.96461960507,117819.55579240352,156196.51311677732,124874.96461960507
2025-06-30,159198.61161753797,120084.048800261,128458.24719464147,120084.048800261,159198.61161753797,128458.24719464147
2025-07-01,156507.34344170714,118054.01615313298,127896.04462312076,118054.01615313298,156507.34344170714,127896.04462312076
2025-07-02,158299.81781227916,119406.08560651554,129473.749887559,119406.08560651554,158299.81781227916,129473.749887559
2025-07-03,159815.33463714027,120549.24505059066,129825.69197891335,120549.24505059066,159815.33463714027,129825.69197891335
2025-07-07,159433.79475483674,120261.44823263942,127872.86505645757,120261.44823263942,159433.79475483674,127872.86505645757
2025-07-08,161605.80889534985,121899.8058124834,130018.31775774235,121899.8058124834,161605.80889534985,130018.31775774235
2025-07-09,165342.68187393504,124718.54168311309,133324.0075263767,124718.54168311309,165342.68187393504,133324.0075263767
2025-07-10,166447.43015073476,125551.85702823641,136281.3671502794,125551.85702823641,166447.43015073476,136281.3671502794
2025-07-11,164746.4021210309,124268.76585769087,135888.47922511562,124268.76585769087,164746.4021210309,135888.47922511562
2025-07-14,167101.58449256266,126045.28785096043,135379.96865354758,126045.28785096043,167101.58449256266,135379.96865354758
2025-07-15,166999.67944917694,125968.4205335976,133949.8695931131,125968.4205335976,166999.67944917694,133949.8695931131
2025-07-16,170371.81034569812,128512.03022355869,136852.78148453368,128512.03022355869,170371.81034569812,136852.78148453368
2025-07-17,170822.55999711683,128852.03220339821,137459.51140591252,128852.03220339821,170822.55999711683,137459.51140591252
2025-07-18,168858.56450156771,127370.58378789561,135171.19765278784,127370.58378789561,168858.56450156771,135171.19765278784
2025-07-21,167713.2514843829,126506.67032250931,137809.6763248319,126506.67032250931,167713.2514843829,137809.6763248319
2025-07-22,168960.12257941876,127447.18938798731,140712.19752841583,127447.18938798731,168960.12257941876,140712.19752841583
2025-07-23,175939.4750898552,132711.73848764252,153768.08666924937,132711.73848764252,175939.4750898552,153768.08666924937
2025-07-24,175380.10190275492,132289.8014090788,155271.3988144431,132289.8014090788,175380.10190275492,155271.3988144431
2025-07-25,176581.83517077484,133196.27285964956,154339.3926941066,133196.27285964956,176581.83517077484,154339.3926941066
2025-07-28,177898.71600189913,134189.60050479742,153925.3479419662,134189.60050479742,177898.71600189913,153925.3479419662
2025-07-29,180528.83915728837,136173.51125711747,158858.87055566555,136173.51125711747,180528.83915728837,158858.87055566555
2025-07-30,182879.38761941297,137946.5378769178,158978.26781833894,137946.5378769178,182879.38761941297,158978.26781833894
2025-07-31,182428.4056723226,137606.360675671,156271.32138654133,137606.360675671,182428.4056723226,156271.32138654133
2025-08-01,175668.55933215536,132507.38581937592,151439.02353197196,132507.38581937592,175668.55933215536,151439.02353197196
2025-08-04,181221.3562623121,136695.87924129606,159125.26383482278,136695.87924129606,181221.3562623121,159125.26383482278
2025-08-05,175341.1162111194,132260.39437060463,156106.12336670578,132260.39437060463,175341.1162111194,156106.12336670578
2025-08-06,171637.3918159042,129466.66258802956,149644.52416339167,129466.66258802956,171637.3918159042,149644.52416339167
2025-08-07,173795.2228618974,131094.32181191954,153784.13703999438,131094.32181191954,173795.2228618974,153784.13703999438
2025-08-08,172642.0838479796,130224.50517084567,155285.2276399412,130224.50517084567,172642.0838479796,155285.2276399412
2025-08-11,172019.01336641717,129754.52100858615,153078.6966689142,129754.52100858615,172019.01336641717,153078.6966689142
2025-08-12,174425.20192783445,131569.51714263557,152340.32352190535,131569.51714263557,174425.20192783445,152340.32352190535
2025-08-13,177141.25320461363,133618.24376625917,154519.58185654914,133618.24376625917,177141.25320461363,154519.58185654914
2025-08-14,174928.79189586002,131949.37675121674,151923.55749016517,131949.37675121674,174928.79189586002,151923.55749016517
2025-08-15,175382.32687167425,132291.4797106266,153495.65136064513,132291.4797106266,175382.32687167425,153495.65136064513
2025-08-18,174542.0362439688,131657.64566070284,151930.77841617432,131657.64566070284,174542.0362439688,151930.77841617432
2025-08-19,168158.5358902048,126842.54984919245,145981.73880008623,126842.54984919245,168158.5358902048,145981.73880008623
2025-08-20,168204.4865847866,126877.21061284172,147466.6511457271,126877.21061284172,168204.4865847866,147466.6511457271
2025-08-21,169174.9818562062,127609.25846394706,147787.45445779403,127609.25846394706,169174.9818562062,147787.45445779403
2025-08-22,175489.4270923619,132372.2657677216,150640.864964469,132372.2657677216,175489.4270923619,150640.864964469
2025-08-25,173366.58648909268,130770.99995259893,145995.27249052076,130770.99995259893,173366.58648909268,145995.27249052076
2025-08-26,175427.73848757657,132325.73384541276,151459.31365786557,132325.73384541276,175427.73848757657,151459.31365786557
2025-08-27,174259.4398226167,131444.48222851194,151807.4994547331,131444.48222851194,174259.4398226167,151807.4994547331
2025-08-28,177101.5956925534,133588.32997137652,152734.83578947905,133588.32997137652,177101.5956925534,152734.83578947905
2025-08-29,172991.26072092596,130487.89046186539,149215.70149414617,130487.89046186539,172991.26072092596,149215.70149414617
2025-09-02,171773.7614899739,129891.16696898597,147628.8968461775,129891.16696898597,171773.7614899739,147628.8968461775
2025-09-03,177177.70794338646,132961.96620984477,151592.04745985067,132961.96620984477,177177.70794338646,151592.04745985067
2025-09-04,180336.94468017353,133623.8257519812,154187.62053291156,133623.8257519812,180336.94468017353,154187.62053291156
2025-09-05,179664.42658910548,132859.20139087472,149224.08165319962,132859.20139087472,179664.42658910548,149224.08165319962
2025-09-08,180683.37415302356,133088.26111195088,150406.6004707608,133088.26111195088,180683.37415302356,150406.6004707608
2025-09-09,180678.89463862602,134076.29636600375,152770.84864132883,134076.29636600375,180678.89463862602,152770.84864132883
2025-09-10,180892.6306950388,134272.23703459735,154815.26302131495,134272.23703459735,180892.6306950388,154815.26302131495
2025-09-11,184064.02884767854,134860.16619087785,154081.52392042466,134860.16619087785,184064.02884767854,154081.52392042466
2025-09-12,186706.64437536278,135234.69083263594,155490.95596783873,135234.69083263594,186706.64437536278,155490.95596783873
2025-09-15,188642.01425578934,137667.36714839312,157268.8213472561,137667.36714839312,188642.01425578934,157268.8213472561
2025-09-16,186904.84089032083,137712.5488918663,158516.32269352025,137712.5488918663,186904.84089032083,158516.32269352025
2025-09-17,185601.23982894552,136852.20551909113,157650.21678230504,136852.20551909113,185601.23982894552,157650.21678230504
2025-09-18,193962.43208353533,141070.22630793203,165901.51138075197,141070.22630793203,193962.43208353533,165901.51138075197
2025-09-19,197466.47158270894,143315.15419716443,165803.4846787818,143315.15419716443,197466.47158270894,165803.4846787818
2025-09-22,197699.30352832432,143577.41991306873,167459.84338543433,143577.41991306873,197699.30352832432,167459.84338543433
2025-09-23,195110.14114773253,142167.02876205844,167585.69195087196,142167.02876205844,195110.14114773253,167585.69195087196
2025-09-24,193076.52139028223,141785.15533136975,167308.6896924882,141785.15533136975,193076.52139028223,167308.6896924882
2025-09-25,192487.53301313738,140403.43693937958,166562.09375051546,140403.43693937958,192487.53301313738,166562.09375051546
2025-09-26,200133.68577711796,145289.5650423785,186940.90029455218,145289.5650423785,200133.68577711796,186940.90029455218
2025-09-29,200806.99441197974,145517.87434091,185937.307226553,145517.87434091,200806.99441197974,185937.307226553
2025-09-30,198576.01077309827,144759.28458163943,182378.73222955537,144759.28458163943,198576.01077309827,182378.73222955537
2025-10-01,198869.6937926225,144973.37561728162,180538.16432223356,144973.37561728162,198869.6937926225,180538.16432223356
2025-10-02,200765.50643013563,146355.39794736463,181378.0273938793,146355.39794736463,200765.50643013563,181378.0273938793
2025-10-03,197270.8312713157,143807.82599309646,178827.47087024574,143807.82599309646,197270.8312713157,178827.47087024574
2025-10-06,208938.6550839714,152313.51518067214,186573.16050453222,152313.51518067214,208938.6550839714,186573.16050453222
2025-10-07,215847.42905996458,157349.92000221825,198340.8887569666,157349.92000221825,215847.42905996458,198340.8887569666
2025-10-08,222263.35785119922,162027.04720469346,200069.11813899077,162027.04720469346,222263.35785119922,200069.11813899077
2025-10-09,226372.85432597576,165022.8157638633,199658.25014944913,165022.8157638633,226372.85432597576,199658.25014944913
2025-10-10,213788.63083367946,155849.08333431114,189590.73308057254,155849.08333431114,213788.63083367946,189590.73308057254
2025-10-13,215890.35230225945,157381.21047795267,193056.96549035958,157381.21047795267,215890.35230225945,193056.96549035958
2025-10-14,215008.1228349995,156738.07686871063,192296.06262559837,156738.07686871063,215008.1228349995,192296.06262559837
2025-10-15,228240.39247747426,166384.22636772902,208530.53225832112,166384.22636772902,228240.39247747426,208530.53225832112
2025-10-16,222492.10743507562,162193.8026248542,207434.3732689675,162193.8026248542,222492.10743507562,207434.3732689675
2025-10-17,216640.36765362008,157927.961745971,206881.7799412552,157927.961745971,216640.36765362008,206881.7799412552
2025-10-20,226303.2499182897,164972.07507156552,220524.9913196567,164972.07507156552,226303.2499182897,220524.9913196567
2025-10-21,223991.21116801034,163286.62941218072,216229.6363545392,163286.62941218072,223991.21116801034,216229.6363545392
2025-10-22,215781.8987724012,157302.14928958702,211505.91961077994,157302.14928958702,215781.8987724012,211505.91961077994
2025-10-23,220552.70998539389,160780.00754335168,215987.47215568475,160780.00754335168,220552.70998539389,215987.47215568475
2025-10-24,226031.42474104842,164773.91811375614,224873.37395719692,164773.91811375614,226031.42474104842,224873.37395719692
2025-10-27,231868.61214937232,169029.1505051624,224932.1333158648,169029.1505051624,231868.61214937232,224932.1333158648
2025-10-28,234003.42443098067,170585.40041369156,222642.46820711336,170585.40041369156,234003.42443098067,222642.46820711336
2025-10-29,232722.21194217005,169651.4134605081,221538.31697462278,169651.4134605081,232722.21194217005,221538.31697462278
2025-10-30,225984.23411113053,164739.5167689045,214215.05279674736,164739.5167689045,225984.23411113053,214215.05279674736
2025-10-31,227492.46442421468,165838.9967124102,217969.70740737606,165838.9967124102,227492.46442421468,217969.70740737606
2025-11-03,227526.73481650412,165863.97937497275,215609.045495938,165863.97937497275,227526.73481650412,215609.045495938
2025-11-04,221541.56541910997,161823.9324529274,210480.6240819587,161823.9324529274,221541.56541910997,210480.6240819587
2025-11-05,222859.74995632292,162268.38557699826,208036.75689361684,162268.38557699826,222859.74995632292,208036.75689361684
2025-11-06,213484.73015763765,155717.15460583827,202462.32875431818,155717.15460583827,213484.73015763765,202462.32875431818
2025-11-07,211124.99518554215,154019.2490552473,193249.48707618323,154019.2490552473,211124.99518554215,193249.48707618323
2025-11-10,217646.95622090934,159713.69027627766,195213.1096643661,159713.69027627766,217646.95622090934,195213.1096643661
2025-11-11,216716.64173496838,159906.05452929382,194020.38186958354,159906.05452929382,216716.64173496838,194020.38186958354
2025-11-12,220076.02402190916,163467.87758235654,190388.06307803467,163467.87758235654,220076.02402190916,190388.06307803467
2025-11-13,211692.61261226877,158483.91632341986,187462.36857565248,158483.91632341986,211692.61261226877,187462.36857565248
2025-11-14,210876.47862834405,156933.01859406597,187555.28747160773,156933.01859406597,210876.47862834405,187555.28747160773
2025-11-17,208881.1105713652,156339.33096274658,181375.75524974652,156339.33096274658,208881.1105713652,181375.75524974652
2025-11-18,205741.05571682076,152921.49727428966,180425.8832403923,152921.49727428966,205741.05571682076,180425.8832403923
2025-11-19,204399.83227646034,152087.91528963912,181006.31008678747,152087.91528963912,204399.83227646034,181006.31008678747
2025-11-20,196208.8114755971,146650.44116345237,167778.7347754785,146650.44116345237,196208.8114755971,167778.7347754785
2025-11-21,199851.47569311134,148966.64624258678,167809.5839217341,148966.64624258678,199851.47569311134,167809.5839217341
2025-11-24,215792.0117988931,160589.74956110117,179811.15344037715,160589.74956110117,215792.0117988931,179811.15344037715
2025-11-25,214895.79563839274,160375.99522083224,176636.1390126323,160375.99522083224,214895.79563839274,176636.1390126323
2025-11-26,218246.95379683,162244.26367329742,180891.29153465497,162244.26367329742,218246.95379683,180891.29153465497
2025-11-28,221659.36257681483,164139.16806017645,183013.4837250727,164139.16806017645,221659.36257681483,183013.4837250727
2025-12-01,216371.4677960603,161298.045009381,183533.7885126901,161298.045009381,216371.4677960603,183533.7885126901
2025-12-02,215859.95779350918,161872.49739162833,184421.9353699109,161872.49739162833,215859.95779350918,184421.9353699109
2025-12-03,218316.643144794,163405.58230351267,190537.8007153286,163405.58230351267,218316.643144794,190537.8007153286
2025-12-04,222387.46374275634,164461.15738533277,200187.6421516274,164461.15738533277,222387.46374275634,200187.6421516274
2025-12-05,218429.5037843296,161622.6970314339,196374.0137593403,161622.6970314339,218429.5037843296,196374.0137593403
2025-12-08,218240.64146678362,161520.97295417724,195133.92240836777,161520.97295417724,218240.64146678362,195133.92240836777
2025-12-09,217722.92782134263,160483.13711594068,192293.38353078446,160483.13711594068,217722.92782134263,192293.38353078446
2025-12-10,216711.10178471453,161151.8812540669,193862.76787736415,161151.8812540669,216711.10178471453,193862.76787736415
2025-12-11,217500.14372400416,161949.57774821276,196345.38793414386,161949.57774821276,217500.14372400416,196345.38793414386
2025-12-12,215534.41467812267,160673.40360285089,195651.41339872972,160673.40360285089,215534.41467812267,195651.41339872972
2025-12-15,213918.24023668905,160056.6999039403,191642.40011810465,160056.6999039403,213918.24023668905,191642.40011810465
2025-12-16,215813.96184986876,161220.11314945214,196075.2957222573,161220.11314945214,215813.96184986876,196075.2957222573
2025-12-17,207323.75221250314,155262.46958294944,185864.60433381994,155262.46958294944,207323.75221250314,185864.60433381994
2025-12-18,210227.33346070565,158049.41723722828,186716.93223085412,158049.41723722828,210227.33346070565,186716.93223085412
2025-12-19,216278.94590889092,162790.7568213316,194581.88465054706,162790.7568213316,216278.94590889092,194581.88465054706
2025-12-22,217416.15646831808,164284.8652604502,193792.64665300265,164284.8652604502,217416.15646831808,193792.64665300265
2025-12-23,216010.0288414057,163244.21859921128,193544.3805006629,163244.21859921128,216010.0288414057,193544.3805006629
2025-12-24,217987.92727886673,165159.88086592403,197142.25434416573,165159.88086592403,217987.92727886673,197142.25434416573
2025-12-26,216676.15112428722,164310.21898685207,196108.74306171038,164310.21898685207,216676.15112428722,196108.74306171038
2025-12-29,215289.42595229883,163249.45881723912,195159.1456029084,163249.45881723912,215289.42595229883,195159.1456029084
2025-12-30,213398.24115539296,162543.5249004209,191179.92474117066,162543.5249004209,213398.24115539296,191179.92474117066
2025-12-31,211991.9582276557,161818.97508018976,190790.090206883,161818.97508018976,211991.9582276557,190790.090206883
2026-01-02,215105.17247441804,162234.49328361964,198215.83068030336,162234.49328361964,215105.17247441804,198215.83068030336
2026-01-05,217613.9111426419,160806.3557778249,198195.08335513488,160806.3557778249,217613.9111426419,198195.08335513488
2026-01-06,216409.35170034735,161760.44044503235,202974.23412219112,161760.44044503235,216409.35170034735,202974.23412219112
2026-01-07,215670.09022084097,160901.593419783,201048.35407812896,160901.593419783,215670.09022084097,201048.35407812896
2026-01-08,213103.82208493812,158760.7313058956,196280.37866305275,158760.7313058956,213103.82208493812,196280.37866305275
2026-01-09,210690.01626496259,159076.1212230629,195433.68678188708,159076.1212230629,210690.01626496259,195433.68678188708
2026-01-12,210415.48735109984,159110.63549245865,199611.92124021632,159110.63549245865,210415.48735109984,199611.92124021632
2026-01-13,213725.3075684386,162229.51548831156,201205.9949824948,162229.51548831156,213725.3075684386,201205.9949824948
2026-01-14,212586.50773588993,162743.65360425567,200103.74076960163,162743.65360425567,212586.50773588993,200103.74076960163
2026-01-15,211155.88943387862,161568.64368865147,194361.11933459618,161568.64368865147,211155.88943387862,194361.11933459618
2026-01-16,210165.63904204674,160711.6698397302,191261.62188153833,160711.6698397302,210165.63904204674,191261.62188153833
2026-01-20,207134.1846142694,159383.6906347921,189700.00518349212,159383.6906347921,207134.1846142694,189700.00518349212
2026-01-21,209679.49606888974,164153.2071535642,186445.66307490706,164153.2071535642,209679.49606888974,186445.66307490706
2026-01-22,213529.0138157373,165638.08218295718,193341.51228207018,165638.08218295718,213529.0138157373,193341.51228207018
2026-01-23,212315.9600634928,165828.6443801359,188328.4299875649,165828.6443801359,212315.9600634928,188328.4299875649
2026-01-26,212992.84546042743,165778.0943897941,192454.38576856794,165778.0943897941,212992.84546042743,192454.38576856794
2026-01-27,216642.68185381332,171406.6386170294,189279.52615184805,171406.6386170294,216642.68185381332,189279.52615184805
2026-01-28,210801.26892776886,167379.7811809819,182862.18521650476,167379.7811809819,210801.26892776886,182862.18521650476
2026-01-29,211846.74601821162,167281.76762899125,185797.08091826917,167281.76762899125,211846.74601821162,185797.08091826917
2026-01-30,203392.535286579,163821.36560221855,171239.9785222664,163821.36560221855,203392.535286579,171239.9785222664
2026-02-02,205430.11899016856,168576.50547595185,171950.24974327764,168576.50547595185,205430.11899016856,171950.24974327764
2026-02-03,204559.1057737211,169549.71304168482,167777.6999037259,169549.71304168482,204559.1057737211,167777.6999037259
2026-02-04,194083.2914819226,160384.75926051443,160139.50554869426,160384.75926051443,194083.2914819226,160139.50554869426
2026-02-05,187445.0320389011,156160.8163472102,152085.9106413027,156160.8163472102,187445.0320389011,152085.9106413027
2026-02-06,195878.74548326552,164656.22034142283,156892.89798069606,164656.22034142283,195878.74548326552,156892.89798069606
2026-02-09,192015.90882809513,165417.02232039056,147163.4989016815,165417.02232039056,192015.90882809513,147163.4989016815
2026-02-10,188965.90710454318,166276.3626752791,138379.89356553383,166276.3626752791,188965.90710454318,138379.89356553383
2026-02-11,187663.54409360173,167120.01917652207,136175.79861392846,167120.01917652207,187663.54409360173,136175.79861392846
2026-02-12,180692.7851879256,162577.81095688525,128403.38677317767,162577.81095688525,180692.7851879256,128403.38677317767
2026-02-13,182826.92292321887,163519.03167286658,131466.3055496492,163519.03167286658,182826.92292321887,131466.3055496492
2026-02-17,182794.86362979986,163759.7216680901,131010.12572878046,163759.7216680901,182794.86362979986,131010.12572878046
2026-02-18,181773.88734213574,163406.7835207801,129379.61822792584,163406.7835207801,181773.88734213574,129379.61822792584
2026-02-19,180860.60157700852,162728.62345481265,128503.37937284268,162728.62345481265,180860.60157700852,128503.37937284268
2026-02-20,179524.37230262576,162004.02395304787,126799.5661195857,162004.02395304787,179524.37230262576,126799.5661195857
2026-02-23,177661.65012241638,161984.48853184396,123008.40588732641,161984.48853184396,177661.65012241638,123008.40588732641
2026-02-24,182205.99714535425,164747.47684627064,129887.03637198394,164747.47684627064,182205.99714535425,129887.03637198394
2026-02-25,184343.91594758778,165801.49579987262,133591.93369249746,165801.49579987262,184343.91594758778,133591.93369249746
2026-02-26,181826.58262839282,164801.54337535746,132005.12238149357,164801.54337535746,181826.58262839282,132005.12238149357
2026-02-27,180482.89582839498,174301.15015095036,122805.16812100315,174301.15015095036,180482.89582839498,122805.16812100315
2026-03-02,184050.27033518915,170358.4189954694,133271.7963458881,170358.4189954694,184050.27033518915,133271.7963458881
2026-03-03,181593.4092196887,170129.6620595209,133481.61603780676,170129.6620595209,181593.4092196887,133481.61603780676
2026-03-04,186304.23612922072,173320.62723907054,138385.62111889938,173320.62723907054,186304.23612922072,138385.62111889938
2026-03-05,183912.1148922401,168483.089879872,139523.55694093564,168483.089879872,183912.1148922401,139523.55694093564
2026-03-06,181937.7721475367,169563.61550873925,136153.7906262308,169563.61550873925,181937.7721475367,136153.7906262308
2026-03-09,197181.66199625155,172449.41926708753,141500.83471852352,172449.41926708753,197181.66199625155,141500.83471852352
2026-03-10,200069.36145500033,176987.72621871965,141388.2991566435,176987.72621871965,200069.36145500033,141388.2991566435
2026-03-11,204490.3038456061,177787.2575440883,142227.20839104807,177787.2575440883,204490.3038456061,142227.20839104807
2026-03-12,197206.0864862318,174379.69174477403,137962.01733525674,174379.69174477403,197206.0864862318,137962.01733525674
2026-03-13,196903.84923693817,172315.9334608218,137805.4042402573,172315.9334608218,196903.84923693817,137805.4042402573
2026-03-16,197324.23003576093,168490.39416261626,138002.25985592627,168490.39416261626,197324.23003576093,138002.25985592627
2026-03-17,197595.29803501526,170652.66171206182,136889.89242123676,170652.66171206182,197595.29803501526,136889.89242123676
2026-03-18,193373.0794279375,165163.83480281007,133939.76710461316,165163.83480281007,193373.0794279375,133939.76710461316
2026-03-19,195576.28066973956,166328.12661317067,137333.6557994249,166328.12661317067,195576.28066973956,137333.6557994249
2026-03-20,190269.28442600838,164831.17093568633,135991.99697546047,164831.17093568633,190269.28442600838,135991.99697546047
2026-03-23,191953.27671158832,163334.215258202,138356.53549685495,163334.215258202,191953.27671158832,138356.53549685495
2026-03-24,188378.99833783144,157013.7445434272,132229.90512090328,157013.7445434272,188378.99833783144,132229.90512090328
2026-03-25,190571.60893633473,159675.00789355836,131801.41809710307,159675.00789355836,190571.60893633473,131801.41809710307
2026-03-26,187294.5705080723,168324.06222905437,129118.80269094826,168324.06222905437,187294.5705080723,129118.80269094826
2026-03-27,180802.18525317774,159675.00789355836,121934.83027801353,159675.00789355836,180802.18525317774,121934.83027801353
2026-03-30,177707.51817197714,155516.8047282291,119727.0501581069,155516.8047282291,177707.51817197714,119727.0501581069
2026-03-31,187138.0242834752,165496.48280764758,128923.05345451382,165496.48280764758,187138.0242834752,128923.05345451382
2026-04-01,189495.00225720898,179135.39997628226,125051.55421074791,179135.39997628226,189495.00225720898,125051.55421074791
2026-04-02,195175.59618179477,208575.4701384246,123725.58359718668,208575.4701384246,195175.59618179477,123725.58359718668
2026-04-06,198576.8824531452,207078.51446094026,129211.07584409608,207078.51446094026,198576.8824531452,129211.07584409608
2026-04-07,199860.84507338825,224210.3070606567,129249.39021783526,224210.3070606567,199860.84507338825,129249.39021783526
2026-04-08,206389.8867440397,241342.11552265938,130530.80083598611,241342.11552265938,206389.8867440397,130530.80083598611
2026-04-09,208877.5867690445,249492.18991975606,130871.80770714993,249492.18991975606,208877.5867690445,130871.80770714993
2026-04-10,209330.20980028933,248494.21418067106,129768.27720919524,248494.21418067106,209330.20980028933,129768.27720919524
2026-04-13,215907.8254718411,253816.72501864715,138832.21872980395,253816.72501864715,215907.8254718411,138832.21872980395
2026-04-14,219170.68007372235,245333.98675442676,140367.2869777078,245333.98675442676,219170.68007372235,140367.2869777078
2026-04-15,229045.20623820627,252954.91042471965,141903.6375866395,252954.91042471965,229045.20623820627,141903.6375866395
2026-04-16,238560.31181579368,267885.78403820435,142419.71762916626,267885.78403820435,238560.31181579368,142419.71762916626
2026-04-17,244715.44363786827,273352.6352439888,144212.0580035593,273352.6352439888,244715.44363786827,144212.0580035593
